Group,Ratio
No-Disease Control,0.5714285714
No-Disease Control,0.4285714286
No-Disease Control,0.7142857143
No-Disease Control,0.8571428571
No-Disease Control,0.5714285714
No-Disease Control,0.7777777778
No-Disease Control,0.7777777778
No-Disease Control,0.6666666667
No-Disease Control,0.7777777778
No-Disease Control,0.6666666667
Disease Control,0.25
Disease Control,0.5
Disease Control,0.375
Disease Control,0.4444444444
Disease Control,0.6666666667
Disease Control,0.3333333333
Disease Control,0.2222222222
Disease Control,0.4444444444
Disease Control,0.4285714286
Disease Control,0.5714285714
No-Disease Experimental,0.3333333333
No-Disease Experimental,0.125
No-Disease Experimental,0.1666666667
No-Disease Experimental,0.1666666667
No-Disease Experimental,0.1428571429
No-Disease Experimental,0.2857142857
No-Disease Experimental,0.1428571429
No-Disease Experimental,0.1666666667
No-Disease Experimental,0.3333333333
No-Disease Experimental,0.1428571429
Disease Experimental,0.5555555556
Disease Experimental,0.6666666667
Disease Experimental,0.5555555556
Disease Experimental,0.5555555556
Disease Experimental,0.7777777778
Disease Experimental,0.6666666667
Disease Experimental,0.8888888889
Disease Experimental,0.5555555556
Disease Experimental,0.6666666667
Disease Experimental,0.5555555556